ResponseId,showingauthor,genrepick,m1_title,m2_title,m3_title,m4_title,m5_title,Duration (in seconds),time_workerid_Page Submit,time_genrepick_Page Submit,time_ranking_Page Submit,12_time_recctext_Page Submit,13_time_recctext_Page Submit,14_time_recctext_Page Submit,15_time_recctext_Page Submit,16_time_recctext_Page Submit,textsrc_M1,textsrc_M2,textsrc_M3,textsrc_M4,textsrc_M5,textsrc_M1_byhuman,textsrc_M2_byhuman,textsrc_M3_byhuman,textsrc_M4_byhuman,textsrc_M5_byhuman,prevwatchedbin_M1,prevwatchedbin_M2,prevwatchedbin_M3,prevwatchedbin_M4,prevwatchedbin_M5,rank5_M1,rank5_M2,rank5_M3,rank5_M4,rank5_M5,rankNunseen_M1,rankNunseen_M2,rankNunseen_M3,rankNunseen_M4,rankNunseen_M5,freetext_final
R_20UIlVy1cvOmECC,False,Titanic,Anna and the King,Legend No. 17,Always,Far and Away,Love Story,2657,15.905,9.447,28.725,42.549,78.817,65.541,169.534,56.301,A0,A0,A0,A0,A2,False,False,False,False,True,False,False,False,True,False,5,3,2,1,4,1.0,0.3333333333333333,0.0,,0.6666666666666666,NO
R_1nOygUc6Qe1tu60,False,Titanic,Anna and the King,Legend No. 17,Always,Far and Away,Love Story,469,15.197,3.001,34.892,73.299,54.848,116.643,51.976,64.898,A0,A0,A0,A2,A0,False,False,False,True,False,False,False,True,False,False,1,2,4,5,3,0.0,0.25,,1.0,0.5,NO
R_1kTdcN8ApYyAlQR,False,Jurassic Park,The Poseidon Adventure,The Towering Inferno,Jason and the Argonauts,"20,000 Leagues Under the Sea",The 7th Voyage of Sinbad,881,2.949,9.559,65.904,102.872,168.725,142.445,97.301,259.063,A0,A0,A0,A3,A1,False,False,False,True,True,True,False,False,False,False,5,1,2,4,3,,0.0,0.3333333333333333,1.0,0.6666666666666666,none
R_1LAv6K8zSBJ73P7,False,The Dark Knight,Batman: Mask of the Phantasm,Streets of Fire,Takers,The Net,Miss Bala,1380,7.616,6.024,173.795,130.936,228.497,355.856,193.991,162.614,A0,A0,A3,A0,A0,False,False,True,False,False,True,False,False,False,False,1,4,2,3,5,,0.6666666666666666,0.0,0.3333333333333333,1.0,no
R_1F2Lp0EjSEM9Aln,False,Inception,When Nietzsche Wept,The Old Man & the Gun,Reminiscence,Infinite,The Forgotten,2415,6.834,21.985,1369.351,158.355,140.759,216.28,266.999,138.859,A0,A0,A1,A0,A1,False,False,True,False,True,False,False,False,True,False,3,2,1,5,4,0.6666666666666666,0.3333333333333333,0.0,,1.0,nothing
R_3no9yhpVBWmYof0,False,Jurassic Park,The Poseidon Adventure,The Towering Inferno,Jason and the Argonauts,"20,000 Leagues Under the Sea",The 7th Voyage of Sinbad,1558,2.572,6.448,76.407,112.922,100.477,95.287,62.5,196.348,A0,A0,A4,A4,A0,False,False,True,True,False,False,False,False,False,True,4,1,5,3,2,0.75,0.0,1.0,0.5,,none
R_2dR5GtSm2X95LH1,False,Jurassic Park,The Poseidon Adventure,The Towering Inferno,Jason and the Argonauts,"20,000 Leagues Under the Sea",The 7th Voyage of Sinbad,2750,15.382,171.145,64.219,948.329,378.683,141.435,203.363,465.587,A0,A0,A5,A5,A5,False,False,True,True,True,False,True,False,False,False,3,2,1,4,5,0.5,,0.0,0.75,1.0,None
R_5zESAFWSW80UkLf,False,The Sixth Sense,Sleuth,Three Identical Strangers,Dream House,Dragonfly,Passengers,1238,9.981,20.9,165.408,204.248,130.879,152.266,207.948,247.416,A0,A5,A0,A0,A0,False,True,False,False,False,False,False,False,False,True,3,5,4,2,1,0.3333333333333333,1.0,0.6666666666666666,0.0,,no thank you. hope i could help. have a great day :)
R_1hyU5zunRsRxOqI,False,Titanic,Anna and the King,Legend No. 17,Always,Far and Away,Love Story,3056,8.772,61.858,159.087,515.557,373.649,736.491,661.492,447.272,A0,A4,A0,A0,A3,False,True,False,False,True,False,False,True,True,True,2,5,3,4,1,0.0,1.0,,,,"No, but it's all my own opinion. thanks."
R_3lDBxsP36DRlvrj,False,Jurassic Park,The Poseidon Adventure,The Towering Inferno,Jason and the Argonauts,"20,000 Leagues Under the Sea",The 7th Voyage of Sinbad,918,9.231,110.194,145.316,84.649,122.333,85.639,197.762,94.732,A0,A3,A0,A2,A0,False,True,False,True,False,False,True,False,False,False,5,2,1,4,3,1.0,,0.0,0.75,0.5,
R_3Pw7rJpPaaFJ8fK,False,Toy Story,Miniscule: Valley of the Lost Ants,Winnie the Pooh,The Brave Little Toaster,The Peanuts Movie,The Rescuers,714,9.907,31.42,166.877,71.557,61.323,60.131,65.322,186.139,A0,A3,A0,A5,A3,False,True,False,True,True,False,False,False,False,True,4,5,2,1,3,0.75,1.0,0.25,0.0,,none
R_A4JTWMFQMTWxRsJ,False,The Dark Knight,Batman: Mask of the Phantasm,Streets of Fire,Takers,The Net,Miss Bala,980,13.945,14.378,93.51,179.607,180.496,103.061,197.844,151.034,A0,A2,A2,A0,A0,False,True,True,False,False,True,True,True,True,False,1,3,4,2,5,,,,,,
R_2EH1tvkbQOBLfbc,False,Titanic,Anna and the King,Legend No. 17,Always,Far and Away,Love Story,3111,5.215,466.371,1814.997,35.144,277.088,36.241,73.122,45.672,A0,A5,A5,A0,A4,False,True,True,False,True,False,False,False,False,True,1,4,2,5,3,0.0,0.75,0.25,1.0,,none
R_Uhe1Tx3DWiwGbZv,False,The Dark Knight,Batman: Mask of the Phantasm,Streets of Fire,Takers,The Net,Miss Bala,2706,12.048,12.846,216.79,100.098,180.917,130.453,318.941,196.889,A0,A4,A2,A4,A0,False,True,True,True,False,False,False,True,False,False,2,1,5,3,4,0.3333333333333333,0.0,,0.6666666666666666,1.0,Thank you.
R_3RkLOjcBpxnP5h5,False,The Lord of the Rings: The Fellowship of the Ring,The Three Musketeers,The 7th Voyage of Sinbad,The Dark Crystal,Dragonslayer,The Adventures of Robin Hood,829,6.524,7.832,100.754,135.744,124.433,153.702,144.737,117.577,A0,A1,A5,A2,A5,False,True,True,True,True,False,True,True,True,False,4,3,5,2,1,1.0,,,,0.0,Not that I can think of.
R_3oyy6TjH8rQPHy7,False,Titanic,Anna and the King,Legend No. 17,Always,Far and Away,Love Story,2764,11.958,12.959,211.948,432.485,237.377,629.214,189.952,143.37,A4,A0,A0,A0,A0,True,False,False,False,False,True,False,True,True,True,5,4,2,3,1,,,,,,no
R_2tgKu7mUvoyOmZV,False,Titanic,Anna and the King,Legend No. 17,Always,Far and Away,Love Story,614,12.984,19.547,85.911,260.139,34.396,45.045,60.287,53.186,A4,A0,A0,A0,A2,True,False,False,False,True,True,False,False,True,False,4,3,5,2,1,,0.5,1.0,,0.0,none
R_padgHtNt8yIlrvX,False,Titanic,Anna and the King,Legend No. 17,Always,Far and Away,Love Story,293,7.945,23.362,130.668,16.042,20.355,16.65,16.949,30.868,A5,A0,A0,A1,A0,True,False,False,True,False,False,False,False,False,True,4,2,1,5,3,0.75,0.25,0.0,1.0,,na
R_2DMl3jNED9lLAo0,False,Jurassic Park,The Poseidon Adventure,The Towering Inferno,Jason and the Argonauts,"20,000 Leagues Under the Sea",The 7th Voyage of Sinbad,1830,21.232,6.287,1335.239,93.759,53.792,32.864,35.829,141.982,A4,A0,A0,A3,A4,True,False,False,True,True,False,True,True,True,False,4,5,2,1,3,1.0,,,,0.0,NO
R_02QvoYAVX0AHWCZ,False,The Dark Knight,Batman: Mask of the Phantasm,Streets of Fire,Takers,The Net,Miss Bala,963,16.854,4.543,16.35,79.302,653.355,60.908,41.817,65.426,A1,A0,A2,A0,A0,True,False,True,False,False,True,False,False,False,False,1,5,3,2,4,,1.0,0.3333333333333333,0.0,0.6666666666666666,nothing
R_1kS16UaqB9OLDED,False,Jurassic Park,The Poseidon Adventure,The Towering Inferno,Jason and the Argonauts,"20,000 Leagues Under the Sea",The 7th Voyage of Sinbad,267,12.68,7.302,22.295,38.021,49.712,40.675,31.435,33.175,A2,A0,A1,A0,A5,True,False,True,False,True,False,True,False,False,False,5,3,2,4,1,1.0,,0.25,0.75,0.0,none
R_8eTuwKAHPjjQVhf,False,Titanic,Anna and the King,Legend No. 17,Always,Far and Away,Love Story,479,8.995,6.475,37.224,91.298,56.966,46.117,60.582,138.738,A3,A0,A3,A5,A0,True,False,True,True,False,True,False,False,False,False,1,2,3,5,4,,0.0,0.3333333333333333,1.0,0.6666666666666666,NO
R_1eXVMXKep5OgSzl,False,Jurassic Park,The Poseidon Adventure,The Towering Inferno,Jason and the Argonauts,"20,000 Leagues Under the Sea",The 7th Voyage of Sinbad,1084,4.163,20.842,153.355,177.043,308.147,79.203,193.058,104.449,A2,A0,A4,A1,A1,True,False,True,True,True,True,False,False,False,False,1,5,3,2,4,,1.0,0.3333333333333333,0.0,0.6666666666666666,GOOD
R_2xGaNtnRFKgTv3N,False,The Sixth Sense,Sleuth,Three Identical Strangers,Dream House,Dragonfly,Passengers,1491,6.259,16.955,234.977,166.699,258.19,326.444,283.8,165.802,A1,A4,A0,A0,A0,True,True,False,False,False,False,False,False,False,False,1,2,3,4,5,0.0,0.25,0.5,0.75,1.0,No
R_qxZJ4R6drorETRv,False,Jurassic Park,The Poseidon Adventure,The Towering Inferno,Jason and the Argonauts,"20,000 Leagues Under the Sea",The 7th Voyage of Sinbad,3255,19.393,140.485,127.471,23.142,52.744,2453.741,28.872,32.24,A5,A1,A0,A0,A2,True,True,False,False,True,False,False,True,False,False,1,3,4,5,2,0.0,0.5,,1.0,0.25,none
R_3CGYWHACx5UHLGw,False,The Sixth Sense,Sleuth,Three Identical Strangers,Dream House,Dragonfly,Passengers,2321,6.848,7.247,42.226,139.61,122.321,132.895,119.841,188.65,A3,A2,A0,A4,A0,True,True,False,True,False,False,True,False,False,False,3,5,4,2,1,0.6666666666666666,,1.0,0.3333333333333333,0.0,Thank you.
R_2w1DHhJWTxkd28K,False,The Sixth Sense,Sleuth,Three Identical Strangers,Dream House,Dragonfly,Passengers,924,11.922,12.422,130.386,167.12,103.737,173.442,143.1,127.264,A3,A2,A0,A1,A3,True,True,False,True,True,False,False,False,False,True,5,4,1,2,3,1.0,0.75,0.0,0.25,,no comments
R_1pFCaWfuxBHrmLi,False,Mission: Impossible,The Saint,The Sentinel,Chain Reaction,Sneakers,Ice Station Zebra,727,3.774,288.326,121.384,17.236,127.7,17.706,16.587,59.031,A2,A5,A1,A0,A0,True,True,True,False,False,False,True,False,False,False,1,5,3,2,4,0.0,,0.6666666666666666,0.3333333333333333,1.0,none
R_Zls8uVvPzphnefL,False,Jurassic Park,The Poseidon Adventure,The Towering Inferno,Jason and the Argonauts,"20,000 Leagues Under the Sea",The 7th Voyage of Sinbad,2111,4.212,30.988,461.605,264.498,311.403,199.248,530.746,248.997,A5,A3,A4,A0,A4,True,True,True,False,True,False,False,False,True,False,2,5,3,1,4,0.0,1.0,0.3333333333333333,,0.6666666666666666,none
R_279gccll379sXrg,False,Titanic,Anna and the King,Legend No. 17,Always,Far and Away,Love Story,2442,10.275,10.629,222.748,168.568,364.46,324.237,123.313,188.785,A1,A1,A3,A3,A0,True,True,True,True,False,False,False,False,False,False,2,1,4,3,5,0.25,0.0,0.75,0.5,1.0,Thank you.
R_2TGA0s8fEmy0UuL,True,The Lord of the Rings: The Fellowship of the Ring,The Three Musketeers,The 7th Voyage of Sinbad,The Dark Crystal,Dragonslayer,The Adventures of Robin Hood,1567,8.415,20.73,214.286,264.035,269.054,304.796,207.084,238.269,A0,A0,A0,A0,A2,False,False,False,False,True,False,False,True,False,False,4,5,2,3,1,0.75,1.0,,0.5,0.0,No.
R_paRl9CyohWwt3yx,True,Titanic,Anna and the King,Legend No. 17,Always,Far and Away,Love Story,1268,218.526,4.224,26.846,80.119,118.014,173.766,254.316,268.001,A0,A0,A0,A2,A0,False,False,False,True,False,False,False,False,False,True,4,5,3,1,2,0.75,1.0,0.5,0.0,,good survey
R_12tcnMTce3VpaPs,True,The Dark Knight,Batman: Mask of the Phantasm,Streets of Fire,Takers,The Net,Miss Bala,397,6.382,5.251,81.879,51.073,54.728,48.285,62.209,35.947,A0,A0,A0,A3,A1,False,False,False,True,True,True,False,False,False,False,1,3,4,5,2,,0.3333333333333333,0.6666666666666666,1.0,0.0,good
R_3qROtaqKj6iX70t,True,Inception,When Nietzsche Wept,The Old Man & the Gun,Reminiscence,Infinite,The Forgotten,843,2.251,5.081,82.961,110.18,122.662,136.77,158.994,144.836,A0,A0,A3,A0,A0,False,False,True,False,False,False,False,False,True,False,2,5,3,4,1,0.25,1.0,0.5,,0.0,
R_2tmtGrJjk83zlxw,True,Jurassic Park,The Poseidon Adventure,The Towering Inferno,Jason and the Argonauts,"20,000 Leagues Under the Sea",The 7th Voyage of Sinbad,453,18.955,5.479,69.83,38.062,145.046,43.438,35.468,50.056,A0,A0,A1,A0,A1,False,False,True,False,True,False,True,False,False,False,4,2,1,5,3,0.75,,0.0,1.0,0.5,nothing to share  the stud was good 
R_3fCMv1R9aYzsLld,True,Titanic,Anna and the King,Legend No. 17,Always,Far and Away,Love Story,2047,101.067,13.205,215.349,773.189,256.108,99.578,277.368,105.808,A0,A0,A4,A4,A0,False,False,True,True,False,True,True,False,True,False,4,1,5,3,2,,,1.0,,0.0,it was a good questionnaire about movie and it's reviews
R_1nO4NH1to65H7XK,True,The Dark Knight,Batman: Mask of the Phantasm,Streets of Fire,Takers,The Net,Miss Bala,434,6.555,7.378,60.616,61.346,80.267,55.611,54.9,57.3,A0,A0,A5,A5,A5,False,False,True,True,True,True,False,False,False,False,1,4,2,3,5,,0.6666666666666666,0.0,0.3333333333333333,1.0,Overall good I saw the Batman film before. And know on this list which I might try one day or those would avoid it.
R_DOiguE4txy3fT1L,True,Jurassic Park,The Poseidon Adventure,The Towering Inferno,Jason and the Argonauts,"20,000 Leagues Under the Sea",The 7th Voyage of Sinbad,3388,4.374,10.662,819.718,260.831,154.152,14.927,116.923,20.537,A0,A5,A0,A0,A0,False,True,False,False,False,True,False,False,False,False,3,2,5,1,4,,0.25,1.0,0.0,0.75,NOTHING
R_1hGXjdjfTLho8CT,True,The Dark Knight,Batman: Mask of the Phantasm,Streets of Fire,Takers,The Net,Miss Bala,3085,9.208,7.197,45.675,296.875,142.651,163.495,168.485,79.455,A0,A4,A0,A0,A3,False,True,False,False,True,False,False,False,True,False,3,1,2,5,4,0.6666666666666666,0.0,0.3333333333333333,,1.0,Thank you.
R_r10tjvIn1gE5w7T,True,The Dark Knight,Batman: Mask of the Phantasm,Streets of Fire,Takers,The Net,Miss Bala,743,8.269,6.136,43.976,236.814,108.286,96.201,98.203,103.293,A0,A3,A0,A2,A0,False,True,False,True,False,False,True,False,False,False,2,4,5,1,3,0.25,,1.0,0.0,0.5,no
R_2RPUXScEYzWNmi9,True,Titanic,Anna and the King,Legend No. 17,Always,Far and Away,Love Story,3041,13.336,6.348,327.933,621.973,606.502,592.778,495.372,243.587,A0,A3,A0,A5,A3,False,True,False,True,True,True,False,True,True,False,1,4,3,2,5,,0.0,,,1.0,"I tried to give my opinion, please respect it. Thanks"
R_OGW6GS1CSlylcJj,True,Jurassic Park,The Poseidon Adventure,The Towering Inferno,Jason and the Argonauts,"20,000 Leagues Under the Sea",The 7th Voyage of Sinbad,2499,6.948,5.561,31.906,983.339,492.518,758.111,78.969,122.131,A0,A2,A2,A0,A0,False,True,True,False,False,False,True,False,False,False,5,3,4,1,2,1.0,,0.75,0.0,0.25,
R_3mdScilZRJfwkPu,True,The Lord of the Rings: The Fellowship of the Ring,The Three Musketeers,The 7th Voyage of Sinbad,The Dark Crystal,Dragonslayer,The Adventures of Robin Hood,758,10.795,16.502,87.127,126.566,107.543,98.069,121.779,144.84,A0,A5,A5,A0,A4,False,True,True,False,True,True,True,True,True,True,5,3,2,1,4,,,,,,
R_Wv8G9DdtZMt5VG9,True,Jurassic Park,The Poseidon Adventure,The Towering Inferno,Jason and the Argonauts,"20,000 Leagues Under the Sea",The 7th Voyage of Sinbad,1232,8.37,13.346,131.136,187.166,240.232,199.016,154.387,256.891,A0,A4,A2,A4,A0,False,True,True,True,False,True,False,False,False,False,1,5,3,2,4,,1.0,0.3333333333333333,0.0,0.6666666666666666,good
R_2sYou8fJHaQmOHv,True,Titanic,Anna and the King,Legend No. 17,Always,Far and Away,Love Story,435,13.761,20.297,72.12,35.459,38.743,37.243,52.729,65.498,A0,A1,A5,A2,A5,False,True,True,True,True,False,False,False,False,True,3,5,4,1,2,0.5,1.0,0.75,0.0,,good
R_10BpqXWYQHgddpZ,True,The Lord of the Rings: The Fellowship of the Ring,The Three Musketeers,The 7th Voyage of Sinbad,The Dark Crystal,Dragonslayer,The Adventures of Robin Hood,1537,6.061,9.135,56.106,269.591,379.379,206.621,312.053,254.627,A4,A0,A0,A0,A0,True,False,False,False,False,True,True,True,True,True,4,3,1,2,5,,,,,,
R_1mygbo4EO5oeuUy,True,Jurassic Park,The Poseidon Adventure,The Towering Inferno,Jason and the Argonauts,"20,000 Leagues Under the Sea",The 7th Voyage of Sinbad,1979,8.626,5.1,1692.28,101.439,21.834,61.375,26.499,31.346,A4,A0,A0,A0,A2,True,False,False,False,True,True,False,False,False,False,4,2,5,1,3,,0.25,1.0,0.0,0.5,none
R_bBfexKEO1Pq7OqB,True,Titanic,Anna and the King,Legend No. 17,Always,Far and Away,Love Story,1670,3.517,4.995,25.15,279.194,299.157,431.119,195.087,402.323,A5,A0,A0,A1,A0,True,False,False,True,False,False,False,False,False,True,2,5,1,4,3,0.25,1.0,0.0,0.75,,None 
R_3qEEupzEW7JXPog,True,Toy Story,Miniscule: Valley of the Lost Ants,Winnie the Pooh,The Brave Little Toaster,The Peanuts Movie,The Rescuers,1444,2.972,404.249,264.817,35.572,51.759,554.16,56.581,37.278,A4,A0,A0,A3,A4,True,False,False,True,True,False,False,False,True,False,1,2,4,3,5,0.0,0.25,0.75,,1.0,no
R_3iUQUHSEIZ4tgUm,True,Mission: Impossible,The Saint,The Sentinel,Chain Reaction,Sneakers,Ice Station Zebra,910,4.301,8.074,138.724,237.335,166.572,116.136,96.878,106.893,A1,A0,A2,A0,A0,True,False,True,False,False,False,True,False,False,False,5,4,1,2,3,1.0,,0.0,0.25,0.5,None
R_3lSmVxGqEap2i5q,True,Titanic,Anna and the King,Legend No. 17,Always,Far and Away,Love Story,2190,9.236,17.912,554.955,163.683,129.715,213.983,332.555,239.604,A2,A0,A1,A0,A5,True,False,True,False,True,False,False,True,False,True,4,5,1,3,2,0.5,1.0,,0.0,,NO
R_daT6KC5DRdtQr7j,True,Titanic,Anna and the King,Legend No. 17,Always,Far and Away,Love Story,380,9.823,20.244,98.047,25.354,26.43,57.49,28.651,51.395,A3,A0,A3,A5,A0,True,False,True,True,False,True,False,False,False,False,3,2,5,1,4,,0.25,1.0,0.0,0.75,good
R_3sEci8p4mOzsjvz,True,Inception,When Nietzsche Wept,The Old Man & the Gun,Reminiscence,Infinite,The Forgotten,733,2.38,14.933,96.562,89.962,150.472,132.668,117.067,88.858,A2,A0,A4,A1,A1,True,False,True,True,True,False,False,False,False,False,4,3,5,2,1,0.75,0.5,1.0,0.25,0.0,Nothing to add really.
R_1Fy4dPWaKurf3f9,True,Titanic,Anna and the King,Legend No. 17,Always,Far and Away,Love Story,2499,5.765,46.635,451.107,199.845,283.781,417.74,207.452,429.028,A1,A4,A0,A0,A0,True,True,False,False,False,False,True,False,False,False,5,2,1,4,3,1.0,,0.0,0.75,0.5,nothing
R_2TO7mQYnbo0qqMC,True,Back to the Future,Real Genius,Silverado,Innerspace,Young Sherlock Holmes,Frequently Asked Questions,1692,7.962,15.264,316.083,265.075,220.668,382.358,284.335,162.458,A5,A1,A0,A0,A2,True,True,False,False,True,False,False,True,True,False,5,3,4,2,1,1.0,0.5,,,0.0,no
R_1dAoUHIhpHE8ZJ3,True,Titanic,Anna and the King,Legend No. 17,Always,Far and Away,Love Story,2866,3.945,192.891,380.594,205.249,52.655,235.28,257.738,359.56,A3,A2,A0,A4,A0,True,True,False,True,False,True,False,False,False,True,1,3,2,4,5,,0.5,0.0,1.0,,none
R_3szAbaBGJorRg0m,True,Titanic,Anna and the King,Legend No. 17,Always,Far and Away,Love Story,1178,6.635,5.299,19.734,288.653,48.047,265.072,78.41,286.654,A3,A2,A0,A1,A3,True,True,False,True,True,False,False,False,False,True,4,1,2,3,5,1.0,0.0,0.3333333333333333,0.6666666666666666,,none
R_3oYgJ7qrIWkkcqO,True,Titanic,Anna and the King,Legend No. 17,Always,Far and Away,Love Story,1471,10.362,20.301,168.004,129.083,261.434,245.902,421.578,173.002,A2,A5,A1,A0,A0,True,True,True,False,False,False,False,False,True,False,2,3,5,4,1,0.25,0.5,1.0,,0.0,None
R_rl15FtuzorQ3IHv,True,Jurassic Park,The Poseidon Adventure,The Towering Inferno,Jason and the Argonauts,"20,000 Leagues Under the Sea",The 7th Voyage of Sinbad,822,5.459,13.494,50.38,49.485,147.77,78.161,80.263,263.365,A5,A3,A4,A0,A4,True,True,True,False,True,False,False,False,True,False,4,3,5,2,1,0.75,0.5,1.0,,0.0,NONE
R_3shuT9qS72zYS8E,True,The Sixth Sense,Sleuth,Three Identical Strangers,Dream House,Dragonfly,Passengers,940,9.263,22.326,184.308,199.251,142.844,102.11,145.251,86.69,A1,A1,A3,A3,A0,True,True,True,True,False,False,False,False,False,False,4,3,5,1,2,0.75,0.5,1.0,0.0,0.25,
R_1NlbYCFdcA9p7pI,False,The Lord of the Rings: The Fellowship of the Ring,The Three Musketeers,The 7th Voyage of Sinbad,The Dark Crystal,Dragonslayer,The Adventures of Robin Hood,1054,12.131,100.038,58.637,262.466,225.13,153.02,76.871,117.611,A0,A0,A0,A0,A5,False,False,False,False,True,False,False,True,False,False,2,3,4,1,5,0.25,0.5,,0.0,1.0,Thank you.
R_2ql0rF6Mry2Pbaj,False,Titanic,Anna and the King,Legend No. 17,Always,Far and Away,Love Story,1546,17.578,10.951,164.178,53.981,32.674,140.5,887.117,143.779,A0,A0,A0,A5,A0,False,False,False,True,False,False,False,True,False,False,4,5,2,3,1,0.75,1.0,,0.5,0.0,no
R_1OlR6FVQZyDSNXv,False,The Lord of the Rings: The Fellowship of the Ring,The Three Musketeers,The 7th Voyage of Sinbad,The Dark Crystal,Dragonslayer,The Adventures of Robin Hood,788,16.122,14.168,168.319,110.796,119.306,116.313,81.103,98.507,A0,A0,A2,A0,A0,False,False,True,False,False,False,False,False,False,False,3,5,2,1,4,0.5,1.0,0.25,0.0,0.75,
R_1pu1X7FPOv5lCHa,False,The Lord of the Rings: The Fellowship of the Ring,The Three Musketeers,The 7th Voyage of Sinbad,The Dark Crystal,Dragonslayer,The Adventures of Robin Hood,2376,3.763,1062.177,21.428,111.395,584.002,40.144,216.223,214.054,A0,A0,A3,A0,A5,False,False,True,False,True,False,False,True,False,False,3,1,2,4,5,0.5,0.0,,0.75,1.0,Thank you.
R_2S6P3gtI4WyDmTD,False,Mission: Impossible,The Saint,The Sentinel,Chain Reaction,Sneakers,Ice Station Zebra,616,9.756,9.602,33.173,153.915,125.529,75.395,105.231,74.375,A0,A0,A5,A1,A0,False,False,True,True,False,False,True,False,False,False,5,4,1,2,3,1.0,,0.0,0.25,0.5,no
R_2qsctBQXI11ruV7,False,Titanic,Anna and the King,Legend No. 17,Always,Far and Away,Love Story,1884,7.514,17.598,432.104,127.445,138.798,156.616,128.35,154.731,A0,A0,A5,A4,A3,False,False,True,True,True,False,False,True,False,False,2,3,1,4,5,0.0,0.3333333333333333,,0.6666666666666666,1.0,no
R_b8Hpmlw2IXyjwEF,False,The Sixth Sense,Sleuth,Three Identical Strangers,Dream House,Dragonfly,Passengers,575,8.789,31.273,157.873,10.717,15.466,46.014,90.895,15.638,A0,A5,A0,A0,A0,False,True,False,False,False,False,False,True,False,False,5,2,4,1,3,1.0,0.25,,0.0,0.5,"Very Good Work, Thank You."
R_pE6zFIzK8Ii2Lhn,False,Jurassic Park,The Poseidon Adventure,The Towering Inferno,Jason and the Argonauts,"20,000 Leagues Under the Sea",The 7th Voyage of Sinbad,375,10.382,10.242,50.336,36.537,40.313,61.431,57.742,57.894,A0,A3,A0,A0,A1,False,True,False,False,True,False,False,False,False,True,5,4,3,2,1,1.0,0.6666666666666666,0.3333333333333333,0.0,,good
R_1rJGZJLeBudoVMI,False,The Dark Knight,Batman: Mask of the Phantasm,Streets of Fire,Takers,The Net,Miss Bala,1177,11.372,19.4,80.915,118.793,131.383,405.986,159.413,133.355,A0,A4,A0,A2,A0,False,True,False,True,False,False,True,False,False,False,2,1,5,3,4,0.0,,1.0,0.3333333333333333,0.6666666666666666,good
R_1cS0hYGdK0MSHYT,False,Toy Story,Miniscule: Valley of the Lost Ants,Winnie the Pooh,The Brave Little Toaster,The Peanuts Movie,The Rescuers,788,54.631,10.12,45.019,218.244,81.646,72.2,116.536,49.985,A0,A1,A0,A2,A5,False,True,False,True,True,False,False,False,True,False,3,5,1,2,4,0.5,1.0,0.0,,0.75,NICE
R_DOvQlmRwnaeFb0Z,False,The Dark Knight,Batman: Mask of the Phantasm,Streets of Fire,Takers,The Net,Miss Bala,1377,4.227,15.573,100.643,228.9,247.13,184.604,316.601,239.735,A0,A5,A3,A0,A0,False,True,True,False,False,False,False,False,True,False,1,3,5,2,4,0.0,0.5,1.0,,0.75,No
R_2wQY7SjSaPjhff5,False,The Lord of the Rings: The Fellowship of the Ring,The Three Musketeers,The 7th Voyage of Sinbad,The Dark Crystal,Dragonslayer,The Adventures of Robin Hood,2312,2.972,4.101,17.484,41.604,266.278,185.14,117.745,196.48,A0,A2,A4,A0,A4,False,True,True,False,True,False,False,True,False,False,2,1,3,4,5,0.25,0.0,,0.75,1.0,Thank you.
R_3s5D6v3dysLVJo3,False,Jurassic Park,The Poseidon Adventure,The Towering Inferno,Jason and the Argonauts,"20,000 Leagues Under the Sea",The 7th Voyage of Sinbad,7284,12.713,10.015,32.101,136.045,104.055,142.853,1712.206,172.366,A0,A4,A2,A3,A0,False,True,True,True,False,True,True,True,True,True,5,3,4,1,2,,,,,,Thanks for the survey!
R_RrgP5sc2hKdwpjP,False,Back to the Future,Real Genius,Silverado,Innerspace,Young Sherlock Holmes,Frequently Asked Questions,741,26.049,56.584,132.958,17.397,113.347,17.964,46.329,35.034,A0,A3,A2,A1,A1,False,True,True,True,True,True,False,True,True,False,3,1,2,5,4,,0.0,,,1.0,good
R_2TmJtBPujgiUXg9,False,Mission: Impossible,The Saint,The Sentinel,Chain Reaction,Sneakers,Ice Station Zebra,3318,5.593,15.252,106.846,430.095,1756.451,195.602,211.798,131.872,A3,A0,A0,A0,A0,True,False,False,False,False,True,False,False,False,False,4,3,1,2,5,,0.5,0.0,0.25,1.0,
R_3iRwTeu461blBYT,False,Jurassic Park,The Poseidon Adventure,The Towering Inferno,Jason and the Argonauts,"20,000 Leagues Under the Sea",The 7th Voyage of Sinbad,903,3.287,6.179,35.729,39.309,15.194,15.545,11.694,13.378,A4,A0,A0,A0,A2,True,False,False,False,True,False,True,False,False,False,3,1,2,5,4,0.3333333333333333,,0.0,1.0,0.6666666666666666,No Thank You.
R_DGCsp726ZaQ9Bkt,False,Titanic,Anna and the King,Legend No. 17,Always,Far and Away,Love Story,1548,11.924,99.494,100.551,245.554,181.227,415.068,162.418,195.725,A3,A0,A0,A5,A0,True,False,False,True,False,False,False,False,False,True,2,1,4,3,5,0.3333333333333333,0.0,1.0,0.6666666666666666,,Thank you.
R_uek2InlWiDDudSp,False,The Lord of the Rings: The Fellowship of the Ring,The Three Musketeers,The 7th Voyage of Sinbad,The Dark Crystal,Dragonslayer,The Adventures of Robin Hood,515,6.713,4.451,25.739,69.45,83.571,101.659,80.9,77.609,A4,A0,A0,A4,A1,True,False,False,True,True,False,False,True,False,False,5,2,1,4,3,1.0,0.0,,0.6666666666666666,0.3333333333333333,"shorter than estimated, open-ended questions weren't too bad, but because at least 2 of the 3 question types pretty much mentioned the same thing, it was very repetitive."
R_vBMW2ZIKeQTyBTX,False,Titanic,Anna and the King,Legend No. 17,Always,Far and Away,Love Story,2412,19.275,12.985,125.938,293.351,195.16,876.568,458.217,354.71,A2,A0,A4,A0,A2,True,False,True,False,True,False,False,False,True,False,2,5,3,1,4,0.0,1.0,0.3333333333333333,,0.6666666666666666,Thanks for the survey!
R_1ikc2ZloH3daVfZ,False,Jurassic Park,The Poseidon Adventure,The Towering Inferno,Jason and the Argonauts,"20,000 Leagues Under the Sea",The 7th Voyage of Sinbad,1744,3.675,5.802,19.97,111.126,111.21,141.846,107.627,135.822,A2,A0,A3,A3,A0,True,False,True,True,False,True,False,False,False,False,3,1,2,4,5,,0.0,0.25,0.75,1.0,no
R_b2QurJauf84wzRv,False,The Lord of the Rings: The Fellowship of the Ring,The Three Musketeers,The 7th Voyage of Sinbad,The Dark Crystal,Dragonslayer,The Adventures of Robin Hood,865,12.708,21.401,159.104,201.119,58.984,137.968,84.367,147.038,A5,A0,A1,A1,A3,True,False,True,True,True,False,False,True,False,False,5,3,1,2,4,1.0,0.3333333333333333,,0.0,0.6666666666666666,
R_1EXJOhCFr6rl2Hs,False,Titanic,Anna and the King,Legend No. 17,Always,Far and Away,Love Story,1287,8.871,82.896,32.611,200.661,143.326,117.036,168.053,273.744,A3,A2,A0,A0,A0,True,True,False,False,False,False,False,False,True,False,1,3,2,4,5,0.0,0.5,0.25,,1.0,no
R_2pWgcm2LB89WQAD,False,The Dark Knight,Batman: Mask of the Phantasm,Streets of Fire,Takers,The Net,Miss Bala,836,4.042,7.844,37.603,81.965,232.801,69.679,35.745,44.195,A5,A2,A0,A0,A4,True,True,False,False,True,True,False,False,False,False,1,4,5,3,2,,0.6666666666666666,1.0,0.3333333333333333,0.0,none
R_2WZkwsKZbX11BI3,False,The Dark Knight,Batman: Mask of the Phantasm,Streets of Fire,Takers,The Net,Miss Bala,1656,13.025,129.003,106.489,376.192,170.917,195.218,166.788,219.198,A1,A1,A0,A3,A0,True,True,False,True,False,False,False,False,False,True,3,5,4,2,1,0.3333333333333333,1.0,0.6666666666666666,0.0,,I went to see good movie. thank you for asking the question.
R_1rkMuAHv7kTVFzt,False,Titanic,Anna and the King,Legend No. 17,Always,Far and Away,Love Story,1472,9.867,50.414,165.547,315.688,198.65,257.67,205.398,195.609,A1,A1,A0,A5,A2,True,True,False,True,True,False,True,False,False,False,5,1,4,3,2,1.0,,0.6666666666666666,0.3333333333333333,0.0,No comments
R_2sZogjRIkeENLrJ,False,Titanic,Anna and the King,Legend No. 17,Always,Far and Away,Love Story,1119,16.525,60.716,144.281,157.89,307.053,107.022,57.233,176.665,A5,A4,A1,A0,A0,True,True,True,False,False,False,False,False,False,True,3,2,5,4,1,0.3333333333333333,0.0,1.0,0.6666666666666666,,this surbey is very beautiful
R_1k0HdGOAZ8VD6iY,False,Mission: Impossible,The Saint,The Sentinel,Chain Reaction,Sneakers,Ice Station Zebra,3518,7.27,11.48,82.996,174.04,101.944,108.319,211.079,106.904,A4,A3,A5,A0,A3,True,True,True,False,True,True,True,True,True,True,1,2,3,4,5,,,,,,No
R_2s0ZLUqUpfaCxgJ,False,Titanic,Anna and the King,Legend No. 17,Always,Far and Away,Love Story,987,2.953,6.265,34.848,166.462,234.05,213.553,157.554,139.436,A2,A5,A1,A2,A0,True,True,True,True,False,False,False,False,True,False,5,2,3,1,4,1.0,0.0,0.3333333333333333,,0.6666666666666666,no
R_3oMyV7aOCJHdLDI,True,Titanic,Anna and the King,Legend No. 17,Always,Far and Away,Love Story,620,17.957,21.101,208.624,28.476,77.422,41.102,26.009,114.735,A0,A0,A0,A0,A5,False,False,False,False,True,True,True,True,True,True,5,3,2,1,4,,,,,,OK
R_2c6F4LfN392nXyI,True,Jurassic Park,The Poseidon Adventure,The Towering Inferno,Jason and the Argonauts,"20,000 Leagues Under the Sea",The 7th Voyage of Sinbad,2151,6.219,7.002,47.663,162.23,55.91,195.666,69.794,46.738,A0,A0,A0,A5,A0,False,False,False,True,False,False,False,True,False,False,4,5,3,2,1,0.75,1.0,,0.25,0.0,no
R_2tg2xHLDnotmYqv,True,The Sixth Sense,Sleuth,Three Identical Strangers,Dream House,Dragonfly,Passengers,2311,3.563,1260.143,21.627,129.569,181.001,111.146,179.865,222.461,A0,A0,A0,A4,A4,False,False,False,True,True,False,True,False,False,False,1,2,5,4,3,0.0,,1.0,0.75,0.5,Thank you.
R_OJ6OC22LVDbHTe9,True,Titanic,Anna and the King,Legend No. 17,Always,Far and Away,Love Story,1787,10.527,106.357,193.385,116.132,362.475,93.796,522.159,169.919,A0,A0,A2,A0,A0,False,False,True,False,False,False,True,False,False,False,2,5,3,1,4,0.3333333333333333,,0.6666666666666666,0.0,1.0,very nice
R_3LhSkRxh2HNnowU,True,Back to the Future,Real Genius,Silverado,Innerspace,Young Sherlock Holmes,Frequently Asked Questions,504,6.18,7.473,42.292,81.758,87.659,87.002,70.689,97.147,A0,A0,A3,A0,A5,False,False,True,False,True,True,True,False,False,False,1,4,3,2,5,,,0.3333333333333333,0.0,1.0,no
R_28HTcJsmb0zrh2K,True,Titanic,Anna and the King,Legend No. 17,Always,Far and Away,Love Story,1207,6.554,12.341,80.486,123.955,204.371,113.934,61.221,124.634,A0,A0,A5,A1,A0,False,False,True,True,False,True,False,False,False,False,1,3,5,4,2,,0.3333333333333333,1.0,0.6666666666666666,0.0,none
R_1jDlyXkvBFrgloX,True,Titanic,Anna and the King,Legend No. 17,Always,Far and Away,Love Story,2166,19.346,109.334,724.084,256.957,118.837,502.583,177.885,108.749,A0,A0,A5,A4,A3,False,False,True,True,True,True,True,False,False,True,2,1,4,3,5,,,1.0,0.0,,"No, Thanks"
R_2t9xAsxiQkH6xd9,True,The Sixth Sense,Sleuth,Three Identical Strangers,Dream House,Dragonfly,Passengers,1157,6.836,12.993,20.579,112.602,377.731,234.508,179.363,184.184,A0,A5,A0,A0,A0,False,True,False,False,False,False,False,False,False,True,2,5,4,3,1,0.0,1.0,0.6666666666666666,0.3333333333333333,,no
R_3OeN4gmluIb9SCq,True,The Sixth Sense,Sleuth,Three Identical Strangers,Dream House,Dragonfly,Passengers,977,7.335,19.596,35.002,263.742,86.088,393.577,64.319,81.961,A0,A3,A0,A0,A1,False,True,False,False,True,False,False,True,False,False,2,4,1,3,5,0.0,0.6666666666666666,,0.3333333333333333,1.0,nice
R_1Cx5GRTaxSV94eB,True,The Sixth Sense,Sleuth,Three Identical Strangers,Dream House,Dragonfly,Passengers,501,3.759,5.747,39.655,68.523,70.292,54.905,73.522,163.602,A0,A4,A0,A2,A0,False,True,False,True,False,False,False,False,False,True,5,1,3,4,2,1.0,0.0,0.5,0.75,,
R_w5bPszqCQFwsi53,True,Titanic,Anna and the King,Legend No. 17,Always,Far and Away,Love Story,2302,8.403,8.762,29.063,138.667,208.509,98.703,111.047,118.22,A0,A1,A0,A2,A5,False,True,False,True,True,True,True,True,True,True,2,3,1,5,4,,,,,,No
R_3nMgjoz9qw4FobR,True,The Lord of the Rings: The Fellowship of the Ring,The Three Musketeers,The 7th Voyage of Sinbad,The Dark Crystal,Dragonslayer,The Adventures of Robin Hood,1778,211.619,7.732,112.663,120.766,80.146,164.471,102.63,145.457,A0,A5,A3,A0,A0,False,True,True,False,False,True,False,True,False,True,2,5,3,4,1,,1.0,,0.0,,None
R_272sKjox97gOkmy,True,The Dark Knight,Batman: Mask of the Phantasm,Streets of Fire,Takers,The Net,Miss Bala,1245,14.189,12.372,38.832,241.335,188.459,191.209,338.63,169.368,A0,A2,A4,A0,A4,False,True,True,False,True,True,False,False,False,False,5,2,1,4,3,,0.3333333333333333,0.0,1.0,0.6666666666666666,No
R_1Q4V589yKQ9yB0z,True,Titanic,Anna and the King,Legend No. 17,Always,Far and Away,Love Story,2502,6.433,39.713,193.665,182.022,114.194,519.089,119.197,1110.08,A0,A4,A2,A3,A0,False,True,True,True,False,True,False,False,False,False,1,2,4,3,5,,0.0,0.6666666666666666,0.3333333333333333,1.0,I like this survey.
R_3LX3eLf3fDFbvii,True,The Dark Knight,Batman: Mask of the Phantasm,Streets of Fire,Takers,The Net,Miss Bala,797,16.076,27.617,34.052,114.307,129.908,170.368,118.337,109.864,A0,A3,A2,A1,A1,False,True,True,True,True,False,False,False,True,False,4,5,1,2,3,0.75,1.0,0.0,,0.5,"As an AI language model, I don't have personal opinions or thoughts, so I don't have any specific comments to share. However, I would like to emphasize that I am here to assist you with any questions or tasks you may have. Feel free to ask anything, and I'll do my best to help!"
R_3oT9yg2Q43YvGC4,True,Titanic,Anna and the King,Legend No. 17,Always,Far and Away,Love Story,1950,4.388,15.938,133.486,204.255,64.615,211.711,286.72,216.434,A3,A0,A0,A0,A0,True,False,False,False,False,True,False,False,False,True,3,2,5,4,1,,0.0,1.0,0.6666666666666666,,This study was very interesting
R_Xpwvp44A68jtMch,True,Titanic,Anna and the King,Legend No. 17,Always,Far and Away,Love Story,1225,8.518,15.493,205.025,320.171,299.57,116.787,84.553,134.323,A4,A0,A0,A0,A2,True,False,False,False,True,True,True,False,False,True,1,4,5,3,2,,,1.0,0.0,,Nice
R_1lrRYFzeqEuzk1v,True,Jurassic Park,The Poseidon Adventure,The Towering Inferno,Jason and the Argonauts,"20,000 Leagues Under the Sea",The 7th Voyage of Sinbad,1439,15.711,16.543,101.346,233.216,80.222,496.646,350.914,31.976,A3,A0,A0,A5,A0,True,False,False,True,False,True,False,True,False,False,5,2,1,4,3,,0.0,,1.0,0.5,NOPE
R_Z3Ou1g7VIa8L6cV,True,Toy Story,Miniscule: Valley of the Lost Ants,Winnie the Pooh,The Brave Little Toaster,The Peanuts Movie,The Rescuers,653,6.195,8.12,55.476,72.088,38,55.235,47.967,90.955,A4,A0,A0,A4,A1,True,False,False,True,True,False,False,True,False,False,1,2,3,4,5,0.0,0.25,,0.75,1.0,no
R_27rqUZR7YjbmOKY,True,Jurassic Park,The Poseidon Adventure,The Towering Inferno,Jason and the Argonauts,"20,000 Leagues Under the Sea",The 7th Voyage of Sinbad,1539,5.785,7.47,161.56,169.244,238.638,278.743,208.154,250.252,A1,A0,A4,A0,A0,True,False,True,False,False,False,False,True,False,True,1,5,3,4,2,0.0,1.0,,0.75,,
R_2wSqM2BcvHeJT5j,True,Titanic,Anna and the King,Legend No. 17,Always,Far and Away,Love Story,955,3.841,15.131,56.981,127.011,134.299,284.36,138.67,130.422,A2,A0,A4,A0,A2,True,False,True,False,True,True,True,True,True,True,2,4,1,3,5,,,,,,It was helpful study for me.
R_296cFiAFQR3bJpg,True,Titanic,Anna and the King,Legend No. 17,Always,Far and Away,Love Story,3192,5.241,16.158,155.329,373.309,958.447,552.787,389.555,644.45,A2,A0,A3,A3,A0,True,False,True,True,False,False,True,False,False,False,2,5,4,3,1,0.3333333333333333,,1.0,0.6666666666666666,0.0,none
R_2c0zPeZfRm6zhiu,True,Titanic,Anna and the King,Legend No. 17,Always,Far and Away,Love Story,759,10.125,8.002,27.129,15.801,71.302,21.291,30.088,26.338,A5,A0,A1,A1,A3,True,False,True,True,True,False,True,False,False,False,2,1,4,3,5,0.0,,0.6666666666666666,0.3333333333333333,1.0,"Very Good job, Thank You."
R_3Lcfogmjge2AOa9,True,The Dark Knight,Batman: Mask of the Phantasm,Streets of Fire,Takers,The Net,Miss Bala,784,9.358,175.582,406.842,24.971,30.091,44.673,19.642,30.001,A3,A2,A0,A0,A0,True,True,False,False,False,True,False,True,False,True,2,1,4,3,5,,0.0,,1.0,,GOOD
R_pyJbZ7z8i1oTbG1,True,Jurassic Park,The Poseidon Adventure,The Towering Inferno,Jason and the Argonauts,"20,000 Leagues Under the Sea",The 7th Voyage of Sinbad,1042,8.932,15.433,113.342,131.854,159.539,235.573,104.802,104.536,A5,A2,A0,A0,A4,True,True,False,False,True,True,False,False,False,False,1,2,3,4,5,,0.0,0.3333333333333333,0.6666666666666666,1.0,no
R_2wGLONoc3PESZrm,True,Titanic,Anna and the King,Legend No. 17,Always,Far and Away,Love Story,1706,45.123,49.121,353.47,70.116,740.465,54.078,127.253,186.116,A1,A1,A0,A3,A0,True,True,False,True,False,False,False,False,False,True,3,4,1,2,5,0.6666666666666666,1.0,0.0,0.3333333333333333,,NONE
R_3MF1BAjAiguEyl6,True,Jurassic Park,The Poseidon Adventure,The Towering Inferno,Jason and the Argonauts,"20,000 Leagues Under the Sea",The 7th Voyage of Sinbad,636,8.681,14.193,41.768,80.856,127.31,85.202,189.569,38.965,A1,A1,A0,A5,A2,True,True,False,True,True,False,False,False,True,False,2,4,3,1,5,0.0,0.6666666666666666,0.3333333333333333,,1.0,none
R_2c5SrT6P2gVIAjf,True,The Lord of the Rings: The Fellowship of the Ring,The Three Musketeers,The 7th Voyage of Sinbad,The Dark Crystal,Dragonslayer,The Adventures of Robin Hood,2449,3.238,12.307,25.948,363.578,663.451,154.276,126.684,159.227,A5,A4,A1,A0,A0,True,True,True,False,False,False,False,False,True,False,5,1,3,2,4,1.0,0.0,0.5,,0.75,Thank you.
R_2B5HOU9saR1NQvP,True,Toy Story,Miniscule: Valley of the Lost Ants,Winnie the Pooh,The Brave Little Toaster,The Peanuts Movie,The Rescuers,1744,7.423,75.261,48.796,97.351,634.229,152.787,112.824,88.775,A4,A3,A5,A0,A3,True,True,True,False,True,False,False,True,False,False,2,3,5,1,4,0.3333333333333333,0.6666666666666666,,0.0,1.0,none
R_1rvk1iqCQSW4isB,True,The Sixth Sense,Sleuth,Three Identical Strangers,Dream House,Dragonfly,Passengers,1630,191.117,9.124,233.598,495.649,205.028,117.886,152.115,116.402,A2,A5,A1,A2,A0,True,True,True,True,False,False,True,True,False,False,4,3,5,1,2,1.0,,,0.0,0.3333333333333333,No
R_1nVheUi08dzJB0V,False,Titanic,Anna and the King,Legend No. 17,Always,Far and Away,Love Story,1838,2.923,104.755,28.979,130.055,197.836,125.944,286.733,520.224,A0,A0,A0,A4,A4,False,False,False,True,True,True,False,False,False,False,1,2,5,4,3,,0.0,1.0,0.6666666666666666,0.3333333333333333,good
R_2v0rSGagcSahtBP,False,Toy Story,Miniscule: Valley of the Lost Ants,Winnie the Pooh,The Brave Little Toaster,The Peanuts Movie,The Rescuers,1378,205.213,18.375,46.158,90.533,242.239,302.336,165.944,282.259,A1,A0,A4,A0,A0,True,False,True,False,False,False,True,True,True,True,2,1,3,5,4,,,,,,
